INSERT INTO Artist (aid, name, country, age, gender) VALUES (1, 'Salar Aghili', 'Iran', 40, 'M');
INSERT INTO Artist (aid, name, country, age, gender) VALUES (2, 'Sirvan Khosravi', 'Iran', 35, 'M');
INSERT INTO Artist (aid, name, country, age, gender) VALUES (3, 'Elvis Presley', 'USA', 50, 'M');
INSERT INTO Artist (aid, name, country, age, gender) VALUES (4, 'Mohsen Yeganeh', 'Iran', 28, 'M');
INSERT INTO Artist (aid, name, country, age, gender) VALUES (5, 'Vitas', 'Russia', 39, 'M');
INSERT INTO Artist (aid, name, country, age, gender) VALUES (6, 'Dima Bilan', 'Russia', 36, 'M');
INSERT INTO Attended (auid, cid) VALUES (5, 3);
INSERT INTO Attended (auid, cid) VALUES (6, 3);
INSERT INTO Attended (auid, cid) VALUES (2, 4);
INSERT INTO Attended (auid, cid) VALUES (3, 4);
INSERT INTO Attended (auid, cid) VALUES (4, 5);
INSERT INTO Audience (auid, full_name, age, gender) VALUES (2, 'Janice Patterson', 20, 'F');
INSERT INTO Audience (auid, full_name, age, gender) VALUES (3, 'Judith Griffin', 25, 'F');
INSERT INTO Audience (auid, full_name, age, gender) VALUES (4, 'Aaron Mitchell', 27, 'M');
INSERT INTO Audience (auid, full_name, age, gender) VALUES (5, 'Dennis Taylor', 32, 'M');
INSERT INTO Audience (auid, full_name, age, gender) VALUES (6, 'Jack Walker', 19, 'M');
INSERT INTO Concert (cid, location, ticket_price, year) VALUES (1, 'Royal Concert Hall', 170, 1998);
INSERT INTO Concert (cid, location, ticket_price, year) VALUES (2, 'Royal Concert Hall', 150, 2010);
INSERT INTO Concert (cid, location, ticket_price, year) VALUES (3, 'Royal Concert Hall', 90, 2010);
INSERT INTO Concert (cid, location, ticket_price, year) VALUES (4, 'Borj Milad', 200, 2010);
INSERT INTO Concert (cid, location, ticket_price, year) VALUES (5, 'Borj Milad', 80, 2005);
INSERT INTO Playedin (sid, cid) VALUES (1, 1);
INSERT INTO Playedin (sid, cid) VALUES (2, 2);
INSERT INTO Playedin (sid, cid) VALUES (3, 3);
INSERT INTO Playedin (sid, cid) VALUES (7, 4);
INSERT INTO Playedin (sid, cid) VALUES (6, 5);
INSERT INTO Song (sid, title, aid, genre, duration) VALUES (1, 'Hound Dog', 3, 'Rock', 240);
INSERT INTO Song (sid, title, aid, genre, duration) VALUES (2, 'Jailhouse Rock', 3, 'Pop', 260);
INSERT INTO Song (sid, title, aid, genre, duration) VALUES (3, 'Hobab', 4, 'Pop', 200);
INSERT INTO Song (sid, title, aid, genre, duration) VALUES (4, 'Vatanam', 1, 'Pop', 180);
INSERT INTO Song (sid, title, aid, genre, duration) VALUES (5, 'Omid-e del', 1, 'Pop', 200);
INSERT INTO Song (sid, title, aid, genre, duration) VALUES (6, 'Ghabe Aks Khali', 2, 'Rock', 300);
INSERT INTO Song (sid, title, aid, genre, duration) VALUES (7, 'Na Naro', 2, 'Rock', 290);