INSERT INTO homework01.attend (pid, tid) VALUES (1, 1);
INSERT INTO homework01.attend (pid, tid) VALUES (7, 1);
INSERT INTO homework01.attend (pid, tid) VALUES (2, 2);
INSERT INTO homework01.attend (pid, tid) VALUES (8, 2);
INSERT INTO homework01.attend (pid, tid) VALUES (3, 3);
INSERT INTO homework01.attend (pid, tid) VALUES (9, 3);
INSERT INTO homework01.attend (pid, tid) VALUES (4, 4);
INSERT INTO homework01.attend (pid, tid) VALUES (10, 4);
INSERT INTO homework01.attend (pid, tid) VALUES (5, 5);
INSERT INTO homework01.attend (pid, tid) VALUES (6, 6);
INSERT INTO homework01.injuries (pid, date_from, date_until) VALUES (5, '2018-03-23', null);
INSERT INTO homework01.matches (mid, mdate, host, guest, host_goal, guest_goal) VALUES (1, '2018-03-13', 1, 2, 0, 2);
INSERT INTO homework01.matches (mid, mdate, host, guest, host_goal, guest_goal) VALUES (2, '2018-03-12', 1, 4, 2, 1);
INSERT INTO homework01.matches (mid, mdate, host, guest, host_goal, guest_goal) VALUES (3, '2018-03-08', 2, 3, 3, 1);
INSERT INTO homework01.matches (mid, mdate, host, guest, host_goal, guest_goal) VALUES (4, '2018-03-10', 2, 6, 0, 0);
INSERT INTO homework01.matches (mid, mdate, host, guest, host_goal, guest_goal) VALUES (5, '2018-03-31', 3, 5, 1, 4);
INSERT INTO homework01.matches (mid, mdate, host, guest, host_goal, guest_goal) VALUES (6, '2018-03-24', 3, 4, 2, 2);
INSERT INTO homework01.matches (mid, mdate, host, guest, host_goal, guest_goal) VALUES (7, '2018-03-21', 4, 1, 5, 1);
INSERT INTO homework01.matches (mid, mdate, host, guest, host_goal, guest_goal) VALUES (8, '2018-03-20', 4, 3, 2, 1);
INSERT INTO homework01.matches (mid, mdate, host, guest, host_goal, guest_goal) VALUES (9, '2018-03-03', 5, 2, 1, 5);
INSERT INTO homework01.matches (mid, mdate, host, guest, host_goal, guest_goal) VALUES (10, '2018-03-09', 5, 6, 2, 4);
INSERT INTO homework01.matches (mid, mdate, host, guest, host_goal, guest_goal) VALUES (11, '2018-03-26', 6, 2, 4, 1);
INSERT INTO homework01.matches (mid, mdate, host, guest, host_goal, guest_goal) VALUES (12, '2018-03-15', 6, 3, 1, 1);
INSERT INTO homework01.players (pid, pname, age, position, is_capitan, is_national) VALUES (1, 'Phillip Green', 18, 'Forward', 0, 0);
INSERT INTO homework01.players (pid, pname, age, position, is_capitan, is_national) VALUES (2, 'Martin Gray', 25, 'Forward', 0, 0);
INSERT INTO homework01.players (pid, pname, age, position, is_capitan, is_national) VALUES (3, 'Jesse Griffin', 28, 'Forward', 0, 1);
INSERT INTO homework01.players (pid, pname, age, position, is_capitan, is_national) VALUES (4, 'Bruce Diaz', 19, 'Defender', 1, 0);
INSERT INTO homework01.players (pid, pname, age, position, is_capitan, is_national) VALUES (5, 'Louis Sanders', 31, 'Defender', 1, 0);
INSERT INTO homework01.players (pid, pname, age, position, is_capitan, is_national) VALUES (6, 'Wayne Henderson', 22, 'Defender', 0, 1);
INSERT INTO homework01.players (pid, pname, age, position, is_capitan, is_national) VALUES (7, 'Samuel Turner', 22, 'Midfielder', 0, 0);
INSERT INTO homework01.players (pid, pname, age, position, is_capitan, is_national) VALUES (8, 'Stephen Patterson', 34, 'Midfielder', 0, 0);
INSERT INTO homework01.players (pid, pname, age, position, is_capitan, is_national) VALUES (9, 'Paul Howard', 19, 'Midfielder', 0, 0);
INSERT INTO homework01.players (pid, pname, age, position, is_capitan, is_national) VALUES (10, 'Douglas Lopez', 27, 'Goalkeeper', 0, 1);
INSERT INTO homework01.teams (tid, tname, city, coach, points, in_asia) VALUES (1, 'Esteghlal', 'Tehran', 'Winfried Schäfer', 5, 1);
INSERT INTO homework01.teams (tid, tname, city, coach, points, in_asia) VALUES (2, 'Perspolis', 'Tehran', 'Branko Ivanković', 7, 1);
INSERT INTO homework01.teams (tid, tname, city, coach, points, in_asia) VALUES (3, 'Saipa', 'Karaj', 'Hossein Faraki', 1, 0);
INSERT INTO homework01.teams (tid, tname, city, coach, points, in_asia) VALUES (4, 'Zob Ahan', 'Isfahan', 'Amir Ghalenoei', 5, 0);
INSERT INTO homework01.teams (tid, tname, city, coach, points, in_asia) VALUES (5, 'Siah Jamegan', 'Mashhad', 'Farhad Kazemi', 2, 0);
INSERT INTO homework01.teams (tid, tname, city, coach, points, in_asia) VALUES (6, 'Sepid rud', 'Rasht', 'Ali Nazarmohammadi', 8, 0);