INSERT INTO homework02.accounts (aid, atype, abalance, cid, branch_id) VALUES (9, 'type1', 87654, 1, 1);
INSERT INTO homework02.accounts (aid, atype, abalance, cid, branch_id) VALUES (10, 'type1', 9763534, 2, 2);
INSERT INTO homework02.accounts (aid, atype, abalance, cid, branch_id) VALUES (11, 'type1', 1000000, 3, 3);
INSERT INTO homework02.accounts (aid, atype, abalance, cid, branch_id) VALUES (12, 'type2', 50, 4, 4);
INSERT INTO homework02.accounts (aid, atype, abalance, cid, branch_id) VALUES (13, 'type2', 90000, 5, 3);
INSERT INTO homework02.accounts (aid, atype, abalance, cid, branch_id) VALUES (14, 'type2', 50000, 6, 3);
INSERT INTO homework02.accounts (aid, atype, abalance, cid, branch_id) VALUES (15, 'type3', 100000, 7, 7);
INSERT INTO homework02.accounts (aid, atype, abalance, cid, branch_id) VALUES (16, 'type3', 10, 8, 8);
INSERT INTO homework02.accounts (aid, atype, abalance, cid, branch_id) VALUES (17, 'type3', 85434567, 9, 9);
INSERT INTO homework02.accounts (aid, atype, abalance, cid, branch_id) VALUES (18, 'type1', 56, 10, 10);
INSERT INTO homework02.banks (bank_id, bank_name, bank_address) VALUES (1, 'Mellat', '3772 Meadow Lane');
INSERT INTO homework02.banks (bank_id, bank_name, bank_address) VALUES (2, 'Keshavarzi', '1131 Jessie Street');
INSERT INTO homework02.banks (bank_id, bank_name, bank_address) VALUES (3, 'Sepah', '3060 Adams Drive');
INSERT INTO homework02.banks (bank_id, bank_name, bank_address) VALUES (4, 'Refah', '3189 Rose Street');
INSERT INTO homework02.banks (bank_id, bank_name, bank_address) VALUES (5, 'Ayandeh', '4919 Walnut Avenue');
INSERT INTO homework02.banks (bank_id, bank_name, bank_address) VALUES (6, 'Maskan', '3532 Crummit Lane');
INSERT INTO homework02.branches (branch_id, branch_address, bank_id) VALUES (1, '2536 Daylene Drive', 1);
INSERT INTO homework02.branches (branch_id, branch_address, bank_id) VALUES (2, '1513 Lawman Avenue', 1);
INSERT INTO homework02.branches (branch_id, branch_address, bank_id) VALUES (3, '3504 Coal Road', 2);
INSERT INTO homework02.branches (branch_id, branch_address, bank_id) VALUES (4, '203 Buffalo Creek Road', 2);
INSERT INTO homework02.branches (branch_id, branch_address, bank_id) VALUES (5, '2235 Pride Avenue', 3);
INSERT INTO homework02.branches (branch_id, branch_address, bank_id) VALUES (6, '934 Willow Greene Drive', 3);
INSERT INTO homework02.branches (branch_id, branch_address, bank_id) VALUES (7, '704 Clark Street', 4);
INSERT INTO homework02.branches (branch_id, branch_address, bank_id) VALUES (8, '1387 Southern Avenue', 4);
INSERT INTO homework02.branches (branch_id, branch_address, bank_id) VALUES (9, '4872 Brooklyn Street', 5);
INSERT INTO homework02.branches (branch_id, branch_address, bank_id) VALUES (10, '473 Petunia Way', 5);
INSERT INTO homework02.branches (branch_id, branch_address, bank_id) VALUES (11, '4413 Koontz Lane', 6);
INSERT INTO homework02.branches (branch_id, branch_address, bank_id) VALUES (12, '2018 County Line Road', 6);
INSERT INTO homework02.customers (cid, cname, cphone, caddress) VALUES (1, 'James Bailey', '863-788-6865', '1538 Ethels Lane');
INSERT INTO homework02.customers (cid, cname, cphone, caddress) VALUES (2, 'Harold Watson', '914-579-4403', '500 Mount Tabor');
INSERT INTO homework02.customers (cid, cname, cphone, caddress) VALUES (3, 'Eric Hughes', '580-862-2522', '4312 Dovetail Estates');
INSERT INTO homework02.customers (cid, cname, cphone, caddress) VALUES (4, 'Todd Lopez', '716-205-8993', '4646 Orphan Road');
INSERT INTO homework02.customers (cid, cname, cphone, caddress) VALUES (5, 'Chris Cooper', '425-342-5610', '2789 Ryder Avenue');
INSERT INTO homework02.customers (cid, cname, cphone, caddress) VALUES (6, 'Ronald Peterson', '407-722-3756', '1639 Grand Avenue');
INSERT INTO homework02.customers (cid, cname, cphone, caddress) VALUES (7, 'Gerald Anderson', '412-603-9216', '4900 Stiles Street');
INSERT INTO homework02.customers (cid, cname, cphone, caddress) VALUES (8, 'Raymond	Stewart', '315-460-5936', '802 Buckhannan Avenue');
INSERT INTO homework02.customers (cid, cname, cphone, caddress) VALUES (9, 'Roger Diaz', '602-514-0812', '3099 Coplin Avenue');
INSERT INTO homework02.customers (cid, cname, cphone, caddress) VALUES (10, 'Irani', '706-729-5351', '1380 Radio Park Drive');
INSERT INTO homework02.loans (lid, ltype, lamount, cid, branch_id) VALUES (1, 'type1', 5000, 1, 1);
INSERT INTO homework02.loans (lid, ltype, lamount, cid, branch_id) VALUES (2, 'type1', 56789, 2, 2);
INSERT INTO homework02.loans (lid, ltype, lamount, cid, branch_id) VALUES (3, 'type2', 87654, 3, 3);
INSERT INTO homework02.loans (lid, ltype, lamount, cid, branch_id) VALUES (4, 'type3', 87654, 10, 12);